{"cameraMode":{"drawMode":0,"name":"Shaded","section":"Shading Mode"},"sceneLighting":true,"audioPlay":false,"sceneViewState":{"m_AlwaysRefresh":false,"showFog":true,"showSkybox":true,"showFlares":true,"showImageEffects":true,"showParticleSystems":true,"showVisualEffectGraphs":true,"m_FxEnabled":true},"in2DMode":false,"pivot":{"x":-2.879831552505493,"y":-8.895797729492188,"z":-16.582836151123048},"rotation":{"x":0.6876659393310547,"y":-0.011977439746260643,"z":0.011347518302500248,"w":0.7258397340774536},"size":22.52317237854004,"orthographic":true}