{"cameraMode":{"drawMode":0,"name":"Shaded","section":"Shading Mode"},"sceneLighting":true,"audioPlay":false,"sceneViewState":{"m_AlwaysRefresh":false,"showFog":true,"showSkybox":true,"showFlares":true,"showImageEffects":true,"showParticleSystems":true,"showVisualEffectGraphs":true,"m_FxEnabled":true},"in2DMode":false,"pivot":{"x":-2.082958459854126,"y":1.0299203395843506,"z":-6.2332305908203129},"rotation":{"x":0.22954536974430085,"y":0.28380605578422549,"z":-0.07017353922128678,"w":0.9283562898635864},"size":1.6471277475357056,"orthographic":false}