{"cameraMode":{"drawMode":0,"name":"Shaded","section":"Shading Mode"},"sceneLighting":true,"audioPlay":false,"sceneViewState":{"m_AlwaysRefresh":false,"showFog":true,"showSkybox":true,"showFlares":true,"showImageEffects":true,"showParticleSystems":true,"showVisualEffectGraphs":true,"m_FxEnabled":true},"in2DMode":false,"pivot":{"x":-1.4190551042556763,"y":49.70619201660156,"z":-10.904988288879395},"rotation":{"x":0.6286395192146301,"y":-0.003503061132505536,"z":0.002831886289641261,"w":0.7776873707771301},"size":1.0099351406097413,"orthographic":false}