{"cameraMode":{"drawMode":0,"name":"Shaded","section":"Shading Mode"},"sceneLighting":true,"audioPlay":false,"sceneViewState":{"m_AlwaysRefresh":false,"showFog":true,"showSkybox":true,"showFlares":true,"showImageEffects":true,"showParticleSystems":true,"showVisualEffectGraphs":true,"m_FxEnabled":true},"in2DMode":false,"pivot":{"x":13.975050926208496,"y":6.386836051940918,"z":3.437213182449341},"rotation":{"x":0.13898105919361115,"y":-0.6363090872764587,"z":0.11795319616794586,"w":0.7496213316917419},"size":0.4981314241886139,"orthographic":false}