{"cameraMode":{"drawMode":0,"name":"Shaded","section":"Shading Mode"},"sceneLighting":true,"audioPlay":false,"sceneViewState":{"m_AlwaysRefresh":false,"showFog":true,"showSkybox":true,"showFlares":true,"showImageEffects":true,"showParticleSystems":true,"showVisualEffectGraphs":true,"m_FxEnabled":true},"in2DMode":false,"pivot":{"x":-3.430328369140625,"y":27.999319076538087,"z":13.429241180419922},"rotation":{"x":0.036688823252916339,"y":0.8650573492050171,"z":-0.4962279200553894,"w":0.06395812332630158},"size":1.0099351406097413,"orthographic":false}