{"cameraMode":{"drawMode":0,"name":"Shaded","section":"Shading Mode"},"sceneLighting":true,"audioPlay":false,"sceneViewState":{"m_AlwaysRefresh":false,"showFog":true,"showSkybox":true,"showFlares":true,"showImageEffects":true,"showParticleSystems":true,"showVisualEffectGraphs":true,"m_FxEnabled":true},"in2DMode":false,"pivot":{"x":-1.6059082746505738,"y":2.83440899848938,"z":20.918710708618165},"rotation":{"x":0.2758145034313202,"y":0.24010911583900453,"z":-0.07136339694261551,"w":0.9280019402503967},"size":0.18426582217216493,"orthographic":false}