{"cameraMode":{"drawMode":0,"name":"Shaded","section":"Shading Mode"},"sceneLighting":false,"audioPlay":false,"sceneViewState":{"m_AlwaysRefresh":false,"showFog":false,"showSkybox":false,"showFlares":false,"showImageEffects":false,"showParticleSystems":false,"showVisualEffectGraphs":true,"m_FxEnabled":true},"in2DMode":false,"pivot":{"x":0.32405132055282595,"y":0.3088296055793762,"z":0.29500508308410647},"rotation":{"x":0.007038804702460766,"y":0.9929625391960144,"z":-0.08450395613908768,"w":0.08271722495555878},"size":1.437505841255188,"orthographic":false}