{"cameraMode":{"drawMode":0,"name":"Shaded","section":"Shading Mode"},"sceneLighting":true,"audioPlay":false,"sceneViewState":{"m_AlwaysRefresh":false,"showFog":true,"showSkybox":true,"showFlares":true,"showImageEffects":true,"showParticleSystems":true,"showVisualEffectGraphs":true,"m_FxEnabled":true},"in2DMode":false,"pivot":{"x":1.5584393739700318,"y":2.1844468116760256,"z":3.440487861633301},"rotation":{"x":0.02555600181221962,"y":-0.9562925100326538,"z":0.08804603666067124,"w":0.27768903970718386},"size":0.8292839527130127,"orthographic":false}