{"cameraMode":{"drawMode":0,"name":"Shaded","section":"Shading Mode"},"sceneLighting":true,"audioPlay":false,"sceneViewState":{"m_AlwaysRefresh":false,"showFog":true,"showSkybox":true,"showFlares":true,"showImageEffects":true,"showParticleSystems":true,"showVisualEffectGraphs":true,"m_FxEnabled":true},"in2DMode":false,"pivot":{"x":4.620887279510498,"y":3.3721745014190676,"z":7.455788612365723},"rotation":{"x":0.04248815402388573,"y":-0.9338829517364502,"z":0.11859208345413208,"w":0.33467260003089907},"size":0.8292839527130127,"orthographic":false}